{
  "model_type": "lightgbm",
  "mean_nwrmsle": 0.5236022025346756,
  "fold_metrics": [
    0.5206926465034485,
    0.5283645391464233,
    0.5150017142295837,
    0.5303499102592468
  ],
  "best_iterations": [
    721,
    546,
    1452,
    899
  ]
}