{
  "model_type": "xgboost",
  "mean_nwrmsle": 0.5235432684421539,
  "fold_metrics": [
    0.5220139622688293,
    0.524849534034729,
    0.5164425373077393,
    0.5308670401573181
  ],
  "best_iterations": [
    1069,
    1418,
    1817,
    1513
  ]
}