{
  "store_item_mean_sales": 923037533.6596718,
  "item_mean_sales": 233015460.07156372,
  "onpromotion": 35223746.0534153,
  "sales_rolling_mean_14": 27344082.67946434,
  "sales_rolling_mean_28": 21989312.382463455,
  "oil_rolling_mean_7": 10929559.828422546,
  "family": 9217072.237293243,
  "sales_lag_21": 7446274.632236481,
  "sales_lag_28": 7426050.974023819,
  "sales_rolling_mean_7": 6981624.942598343,
  "class": 6390293.504575729,
  "onpromotion_int": 6331967.746257782,
  "sales_rolling_mean_60": 5458755.198877335,
  "day_of_month": 4925804.7758312225,
  "sales_rolling_mean_365": 4268998.128866196,
  "transactions": 4170223.1058712006,
  "day_of_week": 3864959.5825805664,
  "cos_day_of_week": 3845098.1115722656,
  "day_of_year": 3441238.8185272217,
  "store_mean_sales": 3374908.530521393,
  "family_promo_pct": 3049577.3759765625,
  "sales_rolling_mean_90": 2515199.373128891,
  "oil_rolling_mean_30": 2234033.663608551,
  "sales_rolling_mean_180": 1997511.3316326141,
  "type": 1911713.7635860443,
  "sales_rolling_std_180": 1441064.6365318298,
  "sales_rolling_max_90": 1388049.6646823883,
  "cluster": 1348032.5998630524,
  "transactions_rolling_mean_14": 1322707.7630252838,
  "store_promo_count": 1302489.9480304718,
  "sales_rolling_max_180": 1290474.2536029816,
  "sales_lag_16": 1153098.5585098267,
  "sales_rolling_max_365": 1119042.0850009918,
  "sales_rolling_std_365": 1081821.740348816,
  "store_family_mean_sales": 1064334.9426841736,
  "sales_rolling_std_90": 1059118.1486091614,
  "sales_rolling_max_28": 1039936.1321220398,
  "transactions_rolling_mean_7": 949825.743516922,
  "sales_lag_20": 868274.5262145996,
  "sales_rolling_std_60": 851842.9646968842,
  "sales_rolling_max_7": 766234.7782917023,
  "sales_rolling_std_28": 761143.1682548523,
  "sales_rolling_max_60": 756103.2895145416,
  "dcoilwtico": 722830.5022335052,
  "is_weekend": 705497.6355743408,
  "oil_lag_7": 704293.0575675964,
  "sin_day_of_week": 664951.0799560547,
  "days_since_epoch": 640476.908164978,
  "sales_rolling_max_14": 574041.3733234406,
  "sales_lag_365": 476024.64051246643,
  "sales_lag_90": 468446.0223865509,
  "sales_lag_60": 428362.9327735901,
  "sales_lag_180": 399153.463968277,
  "transactions_lag_7": 391797.49028778076,
  "is_month_start": 382924.44438171387,
  "cos_month": 354360.35101127625,
  "sales_rolling_std_7": 320088.73312950134,
  "sales_rolling_std_14": 318860.3220214844,
  "sales_rolling_min_14": 311520.0615005493,
  "oil_lag_30": 294603.7490539551,
  "sales_rolling_min_365": 280356.1394691467,
  "sales_rolling_min_7": 272331.29291915894,
  "week_of_year": 270002.2334098816,
  "sales_lag_17": 266610.6163253784,
  "is_holiday": 265465.85232925415,
  "sales_lag_30": 252984.32795143127,
  "sales_lag_19": 252839.6258506775,
  "transactions_lag_14": 240106.59935379028,
  "sales_rolling_min_28": 236367.88148880005,
  "is_any_holiday": 227126.25727844238,
  "is_event": 218879.28601837158,
  "oil_lag_14": 215787.44473266602,
  "family_mean_sales": 189379.01229858398,
  "sales_diff_16_17": 173233.8035583496,
  "sales_lag_18": 168549.18586730957,
  "sales_rolling_min_60": 164429.94087982178,
  "is_transfer": 161077.19255256653,
  "sales_rolling_min_180": 156574.02066993713,
  "sales_rolling_min_90": 151237.31907844543,
  "oil_pct_change_7": 120919.86906433105,
  "is_additional": 66639.28415298462,
  "month": 34488.55952453613,
  "is_payday": 26597.480262756348,
  "sin_month": 24615.816009521484,
  "is_month_end": 24168.00194168091,
  "quarter": 5541.240829467773,
  "is_transferred": 2391.822280883789,
  "year": 0.0,
  "is_bridge": 0.0,
  "is_work_day": 0.0
}