{
  "store_item_mean_sales": 42375.07421875,
  "item_mean_sales": 39824.60546875,
  "sales_rolling_mean_7": 7517.55322265625,
  "sales_rolling_mean_14": 7130.3447265625,
  "oil_rolling_mean_7": 4314.9931640625,
  "sales_rolling_mean_28": 2949.152099609375,
  "is_weekend": 2720.763427734375,
  "onpromotion": 2375.195556640625,
  "sales_rolling_mean_60": 2220.68115234375,
  "onpromotion_int": 1702.7222900390625,
  "sales_lag_21": 1220.0230712890625,
  "sales_lag_28": 1190.5728759765625,
  "oil_rolling_mean_30": 1185.3289794921875,
  "cos_day_of_week": 974.5034790039062,
  "sales_rolling_mean_90": 863.2239990234375,
  "is_month_start": 836.0460205078125,
  "day_of_week": 739.3212280273438,
  "oil_pct_change_7": 521.2018432617188,
  "day_of_month": 462.39739990234375,
  "is_holiday": 448.7663879394531,
  "is_transfer": 441.0066223144531,
  "transactions_rolling_mean_7": 410.15411376953125,
  "family_promo_pct": 396.583740234375,
  "sales_rolling_max_28": 379.3222351074219,
  "sales_rolling_mean_365": 366.66766357421875,
  "is_any_holiday": 356.2042541503906,
  "is_event": 348.853515625,
  "transactions": 339.90948486328125,
  "sales_rolling_max_7": 316.20245361328125,
  "transactions_rolling_mean_14": 310.6151123046875,
  "family": 306.3125915527344,
  "sales_lag_16": 280.8835144042969,
  "sales_rolling_std_180": 279.5657653808594,
  "type": 275.72369384765625,
  "class": 272.0530090332031,
  "sales_rolling_mean_180": 271.8180236816406,
  "store_mean_sales": 269.0129089355469,
  "days_since_epoch": 266.329833984375,
  "sales_rolling_max_14": 264.92041015625,
  "sales_rolling_max_90": 243.01007080078125,
  "sales_lag_20": 242.18101501464844,
  "month": 229.2351531982422,
  "day_of_year": 221.08216857910156,
  "cos_month": 213.82887268066406,
  "sales_rolling_max_60": 212.052001953125,
  "cluster": 206.71498107910156,
  "quarter": 199.33184814453125,
  "week_of_year": 196.0343780517578,
  "sin_day_of_week": 181.51805114746094,
  "transactions_lag_14": 179.8142852783203,
  "sales_rolling_std_90": 176.12197875976562,
  "transactions_lag_7": 174.69192504882812,
  "sales_rolling_max_180": 173.25697326660156,
  "is_additional": 171.21998596191406,
  "oil_lag_7": 161.4268798828125,
  "sales_rolling_std_60": 159.31430053710938,
  "sales_rolling_std_365": 150.53819274902344,
  "sales_rolling_std_28": 148.4857940673828,
  "family_mean_sales": 146.04586791992188,
  "oil_lag_14": 144.6457061767578,
  "store_promo_count": 144.1260528564453,
  "sales_rolling_max_365": 134.101806640625,
  "dcoilwtico": 133.43710327148438,
  "oil_lag_30": 133.36251831054688,
  "sales_lag_90": 127.837646484375,
  "is_payday": 125.72032165527344,
  "store_family_mean_sales": 124.75721740722656,
  "sales_rolling_min_14": 115.53665924072266,
  "sales_lag_365": 114.4586410522461,
  "sales_lag_180": 113.42042541503906,
  "sales_rolling_min_7": 112.62096405029297,
  "sales_lag_60": 104.82781219482422,
  "sales_rolling_min_365": 103.08836364746094,
  "is_month_end": 101.14260864257812,
  "sales_rolling_std_7": 95.45769500732422,
  "sales_rolling_std_14": 93.8899154663086,
  "sales_rolling_min_60": 88.16385650634766,
  "sales_rolling_min_28": 87.30355072021484,
  "sales_lag_30": 85.11791229248047,
  "sales_lag_19": 83.17045593261719,
  "is_transferred": 83.07838439941406,
  "sales_rolling_min_90": 81.62677001953125,
  "sales_lag_17": 81.07093048095703,
  "sales_rolling_min_180": 78.656494140625,
  "sales_lag_18": 74.03755187988281,
  "sin_month": 66.30608367919922,
  "sales_diff_16_17": 56.1535758972168
}